{
    "dna_WARNING": "You must turn on and configure all types and tiers individually, distance to nearsest player is the only shared value.",
    "dna_WARNING_CONTINUED": "Distance is in meters, and all time is in whole minutes. To turn off a tier, just set to longer than intended uptime.",
    "dna_UseResetTimer": 0,
    "dna_TimeBetweenChecks": 5,
    "dna_Min_Distance_Between_Nearest_Player": 500.0,
    "dna_ResetCrates": 0,
    "dna_TimeUntilYellowCrateResets": 30,
    "dna_TimeUntilGreenCrateResets": 30,
    "dna_TimeUntilBlueCrateResets": 30,
    "dna_TimeUntilPurpleCrateResets": 30,
    "dna_TimeUntilRedCrateResets": 30,
    "dna_ResetStrongrooms": 0,
    "dna_TimeUntilYellowSRoomResets": 30,
    "dna_TimeUntilGreenSRoomResets": 30,
    "dna_TimeUntilBlueSRoomResets": 30,
    "dna_TimeUntilPurpleSRoomResets": 30,
    "dna_TimeUntilRedSRoomResets": 30,
    "dna_ResetLockouts": 0,
    "dna_TimeUntilYellowLockoutResets": 30,
    "dna_TimeUntilGreenLockoutResets": 30,
    "dna_TimeUntilBlueLockoutResets": 30,
    "dna_TimeUntilPurpleLockoutResets": 30,
    "dna_TimeUntilRedLockoutResets": 30,
    "dna_TimeUntilOrangeLockoutResets": 30,
    "dna_ResetOneWayDoors": 0,
    "dna_TimeUntilYellowOWDoorResets": 30,
    "dna_TimeUntilGreenOWDoorResets": 30,
    "dna_TimeUntilBlueOWDoorResets": 30,
    "dna_TimeUntilPurpleOWDoorResets": 30,
    "dna_TimeUntilRedOWDoorResets": 30,
    "dna_TimeUntilOrangeOWDoorResets": 30,
    "dna_ResetWarpDoors": 0,
    "dna_TimeUntilYellowWarpDoorResets": 30,
    "dna_TimeUntilGreenWarpDoorResets": 30,
    "dna_TimeUntilBlueWarpDoorResets": 30,
    "dna_TimeUntilPurpleWarpDoorResets": 30,
    "dna_TimeUntilRedWarpDoorResets": 30,
    "dna_TimeUntilOrangeWarpDoorResets": 30
}