{
    "m_DNAConfig_Clothing": [
        {
            "dna_Tier": "yellow",
            "dna_Helm": "BaseballCap_Blue",
            "dna_Shirt": "Shirt_BlueCheck",
            "dna_Vest": "PressVest_Blue",
            "dna_Pants": "Jeans_Blue",
            "dna_Shoes": "AthleticShoes_Blue",
            "dna_Backpack": "ImprovisedBag",
            "dna_Gloves": "SurgicalGloves_LightBlue",
            "dna_Belt": "",
            "dna_Facewear": "SurgicalMask",
            "dna_Eyewear": "",
            "dna_Armband": "",
            "dna_NVG": ""
        },
        {
            "dna_Tier": "yellow",
            "dna_Helm": "BaseballCap_Red",
            "dna_Shirt": "TShirt_Red",
            "dna_Vest": "PoliceVest",
            "dna_Pants": "Jeans_Black",
            "dna_Shoes": "JoggingShoes_Red",
            "dna_Backpack": "CourierBag",
            "dna_Gloves": "LeatherGloves_Brown",
            "dna_Belt": "",
            "dna_Facewear": "",
            "dna_Eyewear": "",
            "dna_Armband": "Armband_White",
            "dna_NVG": ""
        },
        {
            "dna_Tier": "green",
            "dna_Helm": "MotoHelmet_Black",
            "dna_Shirt": "RidersJacket_Black",
            "dna_Vest": "LeatherStorageVest_Black",
            "dna_Pants": "CargoPants_Black",
            "dna_Shoes": "HikingBoots_Black",
            "dna_Backpack": "HuntingBag",
            "dna_Gloves": "WorkingGloves_Black",
            "dna_Belt": "",
            "dna_Facewear": "",
            "dna_Eyewear": "SportGlasses_Black",
            "dna_Armband": "",
            "dna_NVG": ""
        },
        {
            "dna_Tier": "green",
            "dna_Helm": "SkateHelmet_Green",
            "dna_Shirt": "HikingJacket_Green",
            "dna_Vest": "HuntingVest",
            "dna_Pants": "CargoPants_Green",
            "dna_Shoes": "WorkingBoots_Green",
            "dna_Backpack": "HuntingBag",
            "dna_Gloves": "WorkingGloves_Black",
            "dna_Belt": "",
            "dna_Facewear": "",
            "dna_Eyewear": "SportGlasses_Green",
            "dna_Armband": "",
            "dna_NVG": ""
        },
        {
            "dna_Tier": "blue",
            "dna_Helm": "GorkaHelmet_Green",
            "dna_Shirt": "M65Jacket_Olive",
            "dna_Vest": "UKAssVest_Olive",
            "dna_Pants": "USMCPants_Woodland",
            "dna_Shoes": "CombatBoots_Green",
            "dna_Backpack": "AssaultBag_Ttsko",
            "dna_Gloves": "TacticalGloves_Green",
            "dna_Belt": "CivilianBelt",
            "dna_Facewear": "",
            "dna_Eyewear": "SportGlasses_Green",
            "dna_Armband": "",
            "dna_NVG": ""
        },
        {
            "dna_Tier": "blue",
            "dna_Helm": "GorkaHelmet_Black",
            "dna_Shirt": "M65Jacket_Black",
            "dna_Vest": "UKAssVest_Black",
            "dna_Pants": "USMCPants_Woodland",
            "dna_Shoes": "CombatBoots_Black",
            "dna_Backpack": "AssaultBag_Black",
            "dna_Gloves": "TacticalGloves_Black",
            "dna_Belt": "CivilianBelt",
            "dna_Facewear": "",
            "dna_Eyewear": "SportGlasses_Black",
            "dna_Armband": "",
            "dna_NVG": ""
        },
        {
            "dna_Tier": "purple",
            "dna_Helm": "BallisticHelmet_Green",
            "dna_Shirt": "TTsKOJacket_Camo",
            "dna_Vest": "UKAssVest_Camo",
            "dna_Pants": "TTSKOPants",
            "dna_Shoes": "MilitaryBoots_Beige",
            "dna_Backpack": "CoyoteBag_Green",
            "dna_Gloves": "TacticalGloves_Green",
            "dna_Belt": "MilitaryBelt",
            "dna_Facewear": "GasMask",
            "dna_Eyewear": "",
            "dna_Armband": "",
            "dna_NVG": ""
        },
        {
            "dna_Tier": "purple",
            "dna_Helm": "BallisticHelmet_Black",
            "dna_Shirt": "M65Jacket_Black",
            "dna_Vest": "UKAssVest_Black",
            "dna_Pants": "TTSKOPants",
            "dna_Shoes": "MilitaryBoots_Black",
            "dna_Backpack": "CoyoteBag_Brown",
            "dna_Gloves": "TacticalGloves_Beige",
            "dna_Belt": "MilitaryBelt",
            "dna_Facewear": "GasMask",
            "dna_Eyewear": "",
            "dna_Armband": "",
            "dna_NVG": ""
        },
        {
            "dna_Tier": "red",
            "dna_Helm": "Mich2001Helmet",
            "dna_Shirt": "GorkaEJacket_Autumn",
            "dna_Vest": "HighCapacityVest_Olive",
            "dna_Pants": "GorkaPants_Autumn",
            "dna_Shoes": "JungleBoots_Green",
            "dna_Backpack": "AliceBag_Green",
            "dna_Gloves": "TacticalGloves_Green",
            "dna_Belt": "MilitaryBelt",
            "dna_Facewear": "GP5GasMask",
            "dna_Eyewear": "GasMask_Filter",
            "dna_Armband": "",
            "dna_NVG": "NVGoggles"
        },
        {
            "dna_Tier": "red",
            "dna_Helm": "Mich2001Helmet",
            "dna_Shirt": "M65Jacket_Black",
            "dna_Vest": "HighCapacityVest_Black",
            "dna_Pants": "GorkaPants_Autumn",
            "dna_Shoes": "JungleBoots_Black",
            "dna_Backpack": "AliceBag_Black",
            "dna_Gloves": "TacticalGloves_Black",
            "dna_Belt": "MilitaryBelt",
            "dna_Facewear": "GP5GasMask",
            "dna_Eyewear": "GasMask_Filter",
            "dna_Armband": "",
            "dna_NVG": "NVGoggles"
        }
    ]
}